customer_id,full_name,country_code,date_of_birth,kyc_tier,is_pep,risk_category,registered_at,email
CUST-0000,Allison Hill,TR,1963-04-30,tier2,False,medium,2025-11-07T21:46:28.241043,garzaanthony@example.org
CUST-0001,Jonathan Johnson,FR,1961-11-30,tier1,False,low,2025-09-05T17:51:17.251610,lrobinson@example.com
CUST-0002,Abigail Shaffer,US,1990-11-16,tier2,False,low,2025-01-22T20:55:57.802617,jasongallagher@example.org
CUST-0003,Brent Abbott,DE,1985-05-25,tier1,False,low,2025-12-29T10:48:15.792900,yherrera@example.org
CUST-0004,Sandra Montgomery,BE,2000-05-12,tier2,False,low,2025-07-14T19:59:39.228452,williamsjeremy@example.com
CUST-0005,Dr. Sharon James,DE,1976-09-05,tier2,False,high,2026-01-18T03:11:41.915837,mitchellclark@example.com
CUST-0006,Melinda Jones,CH,1987-03-19,tier3,False,low,2025-06-13T07:27:16.487622,frankgray@example.net
CUST-0007,Colleen Nguyen,TR,1994-12-11,tier2,False,low,2024-06-29T11:19:29.047721,trujillorichard@example.org
CUST-0008,Tommy Walter,TR,1968-08-19,tier2,False,low,2025-09-09T19:05:43.949124,pwilkerson@example.com
CUST-0009,Charles Mcgee,ES,1981-08-23,tier2,False,low,2025-11-15T14:20:57.292001,zhurst@example.com
CUST-0010,Zachary Hicks,IT,1955-08-27,tier2,False,high,2024-06-23T00:52:51.186274,hernandezernest@example.net
CUST-0011,Arthur James,CH,2008-02-27,tier2,False,low,2025-06-09T15:28:11.924796,frazierdanny@example.net
CUST-0012,Patricia Peterson,AT,1967-05-28,tier2,False,medium,2024-09-12T00:56:24.170440,mckaynancy@example.com
CUST-0013,Pamela Romero,CH,1956-07-21,tier3,False,low,2025-08-18T19:26:44.321525,ericfarmer@example.net
CUST-0014,Tammy Sellers,TR,1985-02-13,tier2,False,medium,2025-05-11T02:15:51.139551,hickmannatasha@example.com
CUST-0015,David Bradley,BE,1954-12-13,tier3,False,low,2025-11-04T13:52:36.677619,spenceamanda@example.org
CUST-0016,John Pierce,TR,1965-10-03,tier2,False,medium,2026-02-15T02:07:44.095659,ibrandt@example.net
CUST-0017,Michelle Ross,TR,1989-05-04,tier3,False,low,2025-02-16T01:39:24.899190,omartinez@example.org
CUST-0018,Kevin Hall,DE,1963-02-26,tier1,False,medium,2024-07-10T10:54:10.343394,perezrebecca@example.com
CUST-0019,David Caldwell,BE,1962-10-22,tier2,False,low,2024-08-24T04:26:32.416045,esanchez@example.com
CUST-0020,Brent Jordan,ES,1974-12-13,tier2,False,low,2025-04-25T08:26:01.378124,nuneztracey@example.org
CUST-0021,Nicholas Mcbride,CH,1956-09-19,tier1,False,low,2024-10-06T10:15:25.271357,ltaylor@example.com
CUST-0022,Shannon Jones,US,1997-03-31,tier2,False,low,2026-02-03T01:50:50.961221,williamsyvette@example.org
CUST-0023,Tammy Allison,ES,1960-01-11,tier2,False,low,2025-05-08T22:21:42.179944,michellebarrera@example.org
CUST-0024,William Baker,FR,1995-11-10,tier2,False,low,2025-04-16T14:03:29.128887,uhorton@example.net
CUST-0025,Katelyn Lee,NL,1963-01-03,tier3,False,low,2024-07-01T07:53:14.656141,adkinsbrian@example.net
CUST-0026,Thomas Schmidt,IT,1953-09-05,tier2,False,low,2025-05-25T02:48:27.243656,caseyjones@example.org
CUST-0027,Todd Hudson,IE,1983-12-17,tier2,False,low,2024-06-17T15:46:04.610492,barnesbrandy@example.net
CUST-0028,Dean Santiago,AF,1968-08-08,tier2,False,high,2024-11-29T10:14:29.005558,emilyevans@example.com
CUST-0029,Taylor Smith,BE,1986-05-30,tier2,False,low,2025-07-04T08:36:45.039228,jonesjason@example.com
CUST-0030,Gregory Jones,TR,1964-07-20,tier2,False,low,2024-12-13T13:24:44.825305,tbass@example.com
CUST-0031,Victoria Valdez,IT,1950-11-01,tier2,False,low,2026-01-05T17:27:25.155420,sarah12@example.com
CUST-0032,Brian Tran,DE,1966-03-06,tier3,False,low,2025-08-03T21:03:37.055981,james48@example.com
CUST-0033,Terry Williams,FR,1987-03-04,tier1,False,low,2026-01-14T15:49:05.741925,smithkellie@example.net
CUST-0034,Candice Ramos,IT,1991-04-24,tier1,False,medium,2025-07-02T20:04:41.351452,jonesnicole@example.org
CUST-0035,Sandra Aguilar,TR,1958-12-21,tier2,False,low,2024-08-20T15:14:41.919873,michael05@example.org
CUST-0036,Mary Gomez,IT,1982-11-09,tier2,False,low,2026-02-16T18:02:25.805940,sarayoung@example.org
CUST-0037,Rita Keith,TR,1951-10-27,tier3,False,low,2025-11-07T23:24:25.993949,kimberly63@example.com
CUST-0038,Michael Reyes,AT,1952-08-17,tier2,False,medium,2025-04-28T00:36:17.848668,lisastevens@example.com
CUST-0039,Shelby Walker,IT,1988-08-30,tier3,False,low,2025-03-06T08:08:27.920553,michelle45@example.net
CUST-0040,Meghan Anthony,DE,1969-08-03,tier2,False,medium,2024-06-08T19:12:24.914224,gregory40@example.org
CUST-0041,Haley Hartman,TR,1975-09-11,tier3,False,low,2026-05-07T15:31:07.739858,cruzbarbara@example.com
CUST-0042,Jeffrey Meyer,AT,1997-02-27,tier3,False,low,2025-10-02T17:09:18.852296,michaeljones@example.net
CUST-0043,Lisa Alvarado,AT,1957-08-11,tier2,False,low,2026-03-07T05:34:40.679037,elizabeth56@example.net
CUST-0044,Cameron Fisher,BE,2004-12-03,tier2,False,low,2025-09-25T18:08:50.903597,christinaturner@example.net
CUST-0045,Elizabeth Clark,MM,1995-12-16,tier3,False,high,2025-08-05T05:07:46.482261,steven73@example.net
CUST-0046,Steven Flynn,TR,1960-03-22,tier2,False,medium,2024-07-20T12:32:58.398453,clarence34@example.org
CUST-0047,Brittany Williams,BE,2007-06-14,tier2,False,low,2025-08-08T13:52:52.711822,gibsonolivia@example.net
CUST-0048,Michael Snyder,CH,1964-07-13,tier2,False,low,2025-09-10T05:56:19.502519,staffordmichelle@example.org
CUST-0049,Colleen Brock,TR,1990-09-29,tier2,False,medium,2025-04-23T13:06:23.022653,samanthamartinez@example.org
CUST-0050,Mary Travis,ES,1984-12-01,tier2,False,low,2026-04-12T16:49:38.804199,usalazar@example.net
CUST-0051,Terry Griffin,IE,1959-08-12,tier3,False,low,2026-02-07T02:37:45.706543,pgreen@example.net
CUST-0052,Richard Washington,VE,1964-04-04,tier1,False,high,2025-04-05T13:04:05.606534,jimmy55@example.net
CUST-0053,Chris Reyes,IE,1959-03-31,tier2,False,low,2024-10-22T17:46:27.389966,irussell@example.com
CUST-0054,Daniel Fisher,NL,2002-11-12,tier3,False,low,2025-07-19T17:46:19.292768,gateskathy@example.com
CUST-0055,Tommy Evans,TR,1972-12-31,tier3,False,medium,2026-03-01T02:25:19.663841,vmedina@example.net
CUST-0056,Stephanie Freeman,IT,1966-03-19,tier2,False,low,2025-05-08T22:22:36.909362,rrogers@example.com
CUST-0057,Sara Calhoun,GB,2007-04-07,tier3,False,low,2025-06-13T07:10:12.455446,qvargas@example.org
CUST-0058,Jeffrey Camacho,NL,1960-12-02,tier1,False,medium,2024-11-25T10:40:54.728647,jason55@example.com
CUST-0059,Trevor Fisher,CH,1998-10-22,tier3,False,low,2025-04-27T17:53:46.828092,cookemichael@example.net
CUST-0060,Tyler Williams,TR,1952-03-07,tier3,False,low,2024-11-16T01:18:26.588770,howelljohn@example.com
CUST-0061,Kristy Robinson,ES,1990-12-14,tier3,False,low,2025-11-30T02:28:25.661762,catherinestuart@example.net
CUST-0062,Robert Oconnell,ES,1956-08-26,tier3,False,low,2024-06-07T09:33:19.972675,barbara66@example.net
CUST-0063,Kevin Rivas,US,1964-06-19,tier1,False,medium,2025-10-10T06:06:37.566197,melissa91@example.net
CUST-0064,Hannah Patterson,ES,1971-11-16,tier2,False,low,2025-05-23T18:06:31.120154,alexander67@example.org
CUST-0065,Jack Snow,US,1977-01-17,tier3,False,low,2024-09-08T06:29:08.169302,jessicasheppard@example.com
CUST-0066,Tamara Hampton,US,1977-05-06,tier2,False,medium,2026-01-12T00:33:17.987556,marcus31@example.com
CUST-0067,Dana Marshall,BE,1985-10-12,tier3,False,medium,2025-02-20T03:09:10.158522,snydermark@example.com
CUST-0068,Robert Peterson,FR,2001-06-10,tier2,False,low,2025-10-13T03:58:42.717418,angela83@example.org
CUST-0069,Jason Peters,ES,1964-04-27,tier1,False,low,2025-05-01T23:11:58.772098,bwest@example.org
CUST-0070,Jared Sanchez,NL,1988-11-21,tier2,False,low,2025-02-12T20:37:22.513286,ronald85@example.com
CUST-0071,Denise King,AT,1957-05-19,tier2,True,high,2024-10-07T03:39:48.129438,newtonstephanie@example.net
CUST-0072,Daniel Washington,CH,1992-05-29,tier2,False,medium,2026-05-02T01:57:25.146956,tina34@example.org
CUST-0073,Eric Erickson,FR,1957-09-21,tier2,False,low,2024-06-21T20:51:25.363000,tranheidi@example.org
CUST-0074,Nicole Garcia,IT,1951-02-03,tier2,False,low,2024-12-13T02:03:59.243905,lalexander@example.org
CUST-0075,Scott Wilson,IE,1954-03-04,tier2,False,low,2025-05-13T09:15:09.861217,hernandezlisa@example.com
CUST-0076,David Grant,AT,1974-07-09,tier2,False,low,2025-07-28T12:41:33.606791,kimberlyjames@example.com
CUST-0077,Kevin Patterson,FR,1983-05-13,tier2,True,high,2024-07-02T14:28:23.730270,mezajared@example.org
CUST-0078,Brad Allen,IE,1982-05-25,tier2,False,medium,2024-09-10T20:29:16.423883,mhayes@example.com
CUST-0079,David Mann,CH,1991-02-26,tier2,False,low,2025-04-15T20:57:09.099712,sandrafrench@example.net
CUST-0080,Regina Gonzalez,US,1957-01-14,tier3,False,low,2024-10-30T15:50:45.408197,rebekahserrano@example.org
CUST-0081,Ricky Larson,IE,1998-03-10,tier2,False,low,2026-03-22T15:47:11.849105,smartinez@example.com
CUST-0082,Terri Mason,CH,1979-01-09,tier2,False,medium,2024-07-17T08:19:38.391471,prestonjessica@example.net
CUST-0083,Brandon Hayden,US,1998-11-13,tier1,False,low,2025-07-13T06:17:59.671140,keyemily@example.com
CUST-0084,Pamela Thompson,AT,1980-06-25,tier2,False,low,2025-04-07T06:19:48.512909,howard96@example.net
CUST-0085,Tracy Harrison,GB,1974-01-24,tier1,False,medium,2025-01-08T20:55:25.814369,hodgemark@example.net
CUST-0086,Matthew Morales DDS,BE,1952-07-05,tier2,False,medium,2024-07-22T21:41:54.899585,marcus68@example.org
CUST-0087,Kimberly Gutierrez,US,1961-04-05,tier3,False,low,2025-02-07T13:50:57.717366,wgarrett@example.org
CUST-0088,Joshua Pennington,AT,1975-10-17,tier2,False,low,2025-10-11T00:36:58.859485,johnsoncrystal@example.org
CUST-0089,Emily Smith,NL,1974-01-17,tier2,False,medium,2024-10-30T13:56:28.641967,murraydavid@example.org
CUST-0090,Dr. Jordan Hill PhD,FR,2007-03-28,tier1,False,low,2024-11-13T11:06:49.365823,patrickweeks@example.net
CUST-0091,Breanna Jones,IT,1995-03-14,tier2,False,medium,2026-02-01T22:37:54.590200,sarah84@example.org
CUST-0092,Edwin Matthews,AT,2008-04-26,tier1,False,low,2025-05-11T20:22:41.382774,seanwashington@example.com
CUST-0093,Kimberly Gibson,BE,1969-01-16,tier1,False,high,2024-10-04T06:49:30.740609,ashleyhall@example.com
CUST-0094,Patrick Thornton,TR,1997-06-11,tier3,False,low,2025-02-25T07:16:17.330919,tylerjohnson@example.net
CUST-0095,Evelyn Garcia,FR,1999-05-25,tier2,False,low,2024-07-31T09:41:40.352826,jsmith@example.com
CUST-0096,Tracy Jones,GB,1995-09-17,tier2,False,medium,2024-11-28T23:52:53.807923,vsantos@example.net
CUST-0097,Jamie Stewart,GB,1992-01-26,tier2,False,low,2025-11-24T15:13:56.513847,williamsonjimmy@example.net
CUST-0098,Yolanda Francis,IT,1975-07-21,tier2,False,low,2024-07-30T11:29:06.014459,wallaceheather@example.org
CUST-0099,Robert Carter,CH,1972-02-15,tier1,False,high,2024-09-02T20:33:21.994571,yknight@example.org
CUST-0100,Bob Pitts,AT,1986-04-29,tier1,False,low,2024-11-11T08:19:20.631073,jesselittle@example.com
CUST-0101,Adam Ballard,IE,2002-08-27,tier3,True,high,2025-09-25T23:16:34.080940,charleslandry@example.net
CUST-0102,Victor Vaughn,NL,1976-11-17,tier2,False,high,2024-12-26T01:23:28.281779,gcastaneda@example.org
CUST-0103,Ian Phillips,US,1990-12-10,tier2,False,medium,2024-06-04T16:05:52.613946,khill@example.net
CUST-0104,Valerie Lozano,IT,1993-08-08,tier1,False,medium,2026-01-17T04:56:01.294103,kimberly39@example.com
CUST-0105,Connor King,GB,1994-03-16,tier2,False,low,2025-11-30T12:29:59.762021,courtneyberger@example.net
CUST-0106,Richard Johnson,BE,1971-07-18,tier2,False,medium,2024-08-23T12:41:05.384914,mark62@example.org
CUST-0107,Joshua Mata,DE,1981-03-04,tier1,False,low,2026-03-17T00:52:53.311720,jonathansummers@example.com
CUST-0108,Elizabeth Harrell,IT,1997-01-10,tier2,False,low,2025-04-26T07:18:40.165079,taylortammy@example.net
CUST-0109,Veronica Coffey,TR,1997-01-18,tier2,False,low,2025-02-10T11:48:14.374688,ismith@example.org
CUST-0110,Michael Chambers,US,1984-04-14,tier3,False,low,2026-01-09T14:28:38.458466,daniel37@example.org
CUST-0111,Terri Murphy,ES,1985-10-07,tier1,False,low,2025-09-04T02:46:37.225533,tblankenship@example.net
CUST-0112,Charles Shah,NL,1968-01-13,tier2,False,low,2025-05-14T00:37:31.329312,youngamanda@example.com
CUST-0113,Michael Paul,GB,2005-04-01,tier1,False,low,2025-03-21T09:51:36.064596,nicolepena@example.com
CUST-0114,Teresa Ramirez,DE,1990-06-02,tier1,False,low,2024-10-25T03:50:36.060851,xsampson@example.org
CUST-0115,Mrs. Stephanie Newman,NL,1953-11-22,tier2,False,low,2024-12-06T21:59:23.436647,rushmadison@example.org
CUST-0116,Maria Harper,IE,1951-08-15,tier1,True,high,2025-12-14T14:48:43.301794,vanessabuchanan@example.org
CUST-0117,Phillip Clark,IE,1962-11-27,tier1,False,low,2026-02-13T02:12:00.281075,kim90@example.com
CUST-0118,Brianna Anderson,NL,1964-12-02,tier2,False,low,2024-09-23T23:00:06.602845,andersonmichael@example.org
CUST-0119,Alexis Baker,TR,1957-09-25,tier2,False,medium,2025-03-22T17:57:55.329532,reesethomas@example.com
CUST-0120,Ashley Gordon,IE,2005-03-20,tier2,False,low,2024-06-20T07:12:15.302927,stephen00@example.com
CUST-0121,Jessica Rodriguez,DE,1991-09-14,tier2,False,medium,2025-04-08T05:39:58.869250,morriseddie@example.org
CUST-0122,Mark Kelley,CH,1969-03-30,tier2,False,low,2026-05-15T05:27:19.181845,shawn96@example.org
CUST-0123,Ashley Pena,GB,2001-04-16,tier1,False,low,2025-06-25T20:30:09.135860,russellbeasley@example.com
CUST-0124,Jesse Perry,FR,1955-11-24,tier3,False,medium,2025-03-26T23:34:09.749618,nicholas27@example.org
CUST-0125,Bradley Reynolds,IT,1993-07-27,tier2,False,low,2025-02-15T12:06:44.436459,angelawillis@example.net
CUST-0126,Meagan Jenkins,FR,2001-01-19,tier2,False,low,2026-04-06T04:50:24.005500,uparrish@example.org
CUST-0127,Lindsay Bell,IE,1983-11-26,tier2,False,low,2024-10-21T20:31:08.022284,gwalker@example.com
CUST-0128,Holly Farmer,IE,1983-09-06,tier2,False,medium,2025-12-29T12:26:03.479558,lynchdiane@example.net
CUST-0129,Christopher Park,DE,1968-04-20,tier3,False,medium,2025-01-22T13:28:37.110075,whitedouglas@example.net
CUST-0130,Charles Schultz,CH,1952-02-28,tier2,False,medium,2025-11-14T22:33:23.743981,nicholaschavez@example.org
CUST-0131,Nathan Frank,IE,1983-04-21,tier1,False,low,2024-07-20T15:22:37.475549,moorekaren@example.org
CUST-0132,Denise Stanley,FR,1978-07-20,tier2,False,low,2025-04-07T03:05:14.782182,jason81@example.com
CUST-0133,Douglas Gregory,AT,1978-08-10,tier2,False,medium,2025-09-18T07:49:35.813020,walkertracey@example.org
CUST-0134,Eric Clark,IE,1958-05-05,tier2,False,low,2024-11-22T01:30:10.177365,david76@example.org
CUST-0135,Joseph Hall,DE,1982-10-15,tier2,False,low,2025-09-18T23:51:24.220056,charles06@example.org
CUST-0136,Blake Edwards,IE,1975-04-13,tier2,False,low,2025-03-10T16:25:54.260159,zroberts@example.org
CUST-0137,Carolyn Meza,IE,1977-01-25,tier2,False,low,2025-10-04T17:21:05.711084,christopher13@example.com
CUST-0138,Kelly Foster,NL,1968-05-18,tier1,False,low,2025-01-22T08:01:32.015900,kimberly18@example.net
CUST-0139,Jordan Bullock,FR,1970-08-24,tier1,False,medium,2025-11-01T06:35:39.264605,joelthomas@example.org
CUST-0140,Christian Malone,US,1954-10-02,tier2,False,low,2026-04-13T14:45:22.237343,kmarshall@example.net
CUST-0141,Thomas Cunningham,NL,1987-03-25,tier3,False,low,2025-08-18T05:49:03.158453,edward17@example.com
CUST-0142,Rebecca Vargas,ES,1970-10-17,tier3,False,low,2024-07-12T18:53:03.828361,dhayes@example.com
CUST-0143,Angela Lin,DE,1999-12-28,tier2,False,low,2025-08-11T07:15:41.977272,jford@example.net
CUST-0144,Joanna Pacheco,NL,1988-03-10,tier2,False,low,2025-01-09T05:07:34.433992,dmason@example.com
CUST-0145,Steven Cooper,BE,1991-10-24,tier3,False,low,2025-05-22T17:23:30.245129,benjaminzimmerman@example.com
CUST-0146,Lisa Cox,AT,2003-08-16,tier2,False,medium,2025-02-26T06:41:35.391056,erika05@example.org
CUST-0147,Justin Hughes,CH,1964-12-30,tier2,False,low,2026-01-30T20:48:11.980808,mathewaguilar@example.org
CUST-0148,Emily Douglas,TR,1988-10-14,tier2,False,low,2024-08-21T17:36:49.450401,collinsnicholas@example.com
CUST-0149,Meagan Calderon,TR,1993-03-25,tier1,False,low,2025-10-01T15:53:49.277215,lucasrodney@example.com
CUST-0150,Eric Bean,FR,1970-03-15,tier3,False,low,2025-11-29T13:29:06.463927,jeremytaylor@example.org
CUST-0151,Richard Romero,BE,1981-09-09,tier3,False,low,2025-11-09T11:48:52.759542,stanleynancy@example.net
CUST-0152,James Martin,IE,1998-08-08,tier1,False,low,2025-12-03T04:00:01.425066,jenniferwilliams@example.com
CUST-0153,Cynthia Wallace,IT,1966-11-28,tier2,False,low,2025-11-16T17:00:29.020630,pyoung@example.com
CUST-0154,Rachel Mckee,IE,1961-08-20,tier2,False,low,2025-09-26T11:27:37.101469,smurray@example.com
CUST-0155,Jennifer Martin,TR,1961-12-18,tier2,False,low,2025-08-03T18:08:50.646188,brett75@example.net
CUST-0156,Michelle Black,NL,1957-08-12,tier1,False,medium,2024-07-19T20:26:07.565817,joshuawhitehead@example.org
CUST-0157,Anna Lozano,GB,1997-10-01,tier2,False,low,2026-02-23T23:39:48.441468,perryrandy@example.com
CUST-0158,Zachary Brooks,TR,1952-01-07,tier3,False,low,2026-03-29T16:26:35.318141,lacey20@example.com
CUST-0159,Kaitlyn Guerra,BE,1994-05-25,tier2,False,high,2025-04-26T20:56:41.760159,bullockandrew@example.org
CUST-0160,Kimberly Acosta,ES,1980-12-28,tier2,False,low,2024-08-08T18:35:46.251110,john10@example.org
CUST-0161,Riley Bryant,GB,1956-10-23,tier2,False,low,2026-03-10T22:52:01.933195,chenbailey@example.net
CUST-0162,Jeffrey Mendez,DE,1964-05-02,tier2,False,medium,2025-03-19T13:03:19.816076,millsmichael@example.net
CUST-0163,Rachel Romero,IE,1951-07-24,tier3,False,medium,2026-02-15T17:51:27.455937,reidtina@example.com
CUST-0164,Heather Jones,IT,1964-05-14,tier2,False,low,2025-09-11T00:15:30.330999,ingramjill@example.com
CUST-0165,Harold Morgan,NL,1987-08-31,tier3,False,low,2026-01-15T09:56:54.522463,epollard@example.net
CUST-0166,Chad Baldwin,GB,2005-02-10,tier1,False,medium,2024-06-15T15:29:04.007754,bradleygonzalez@example.org
CUST-0167,Eric Sanders,IT,1997-09-04,tier2,False,high,2025-04-30T00:02:45.242152,mullinsjames@example.com
CUST-0168,Amber Rios,NL,1966-03-25,tier3,False,low,2025-12-23T18:29:35.723414,vpreston@example.com
CUST-0169,Jasmine Beltran,BE,1979-03-01,tier2,False,low,2025-05-17T14:23:26.680380,laurie61@example.com
CUST-0170,Samantha Gardner,CH,1969-01-04,tier3,False,high,2024-07-17T01:47:53.023285,kirk96@example.org
CUST-0171,Heather Williams,AT,2000-11-04,tier2,False,low,2025-01-31T20:25:45.035083,yhill@example.org
CUST-0172,Mark Cox,GB,1996-11-05,tier2,False,low,2025-09-27T06:47:05.296300,thomascathy@example.com
CUST-0173,Austin Osborne,GB,1971-08-18,tier2,False,medium,2025-02-22T22:49:15.940756,jacobserika@example.com
CUST-0174,Phillip Berry,TR,1981-02-02,tier3,False,low,2025-03-06T00:34:44.472696,john10@example.net
CUST-0175,Joseph Mcintyre,TR,1957-03-18,tier2,False,low,2025-12-05T23:41:46.300982,nlewis@example.com
CUST-0176,Yvonne Gonzalez,NL,1958-04-03,tier2,False,medium,2024-07-12T16:27:27.204927,rachelwallace@example.org
CUST-0177,Tracy Downs,GB,1989-02-12,tier1,False,low,2025-10-19T06:17:03.349693,patricia22@example.com
CUST-0178,Barbara Harris,AT,1958-06-09,tier2,False,low,2025-12-17T05:27:43.810390,wardashley@example.com
CUST-0179,Kristen Salazar,IT,1955-05-20,tier1,False,low,2024-12-31T06:54:12.322598,xfox@example.com
CUST-0180,Angela Compton,BE,1987-08-21,tier2,False,high,2025-04-12T21:55:38.936315,david89@example.org
CUST-0181,Betty Shaw,FR,2000-09-27,tier2,False,low,2026-01-16T03:34:52.219368,kevinmartin@example.net
CUST-0182,Travis Stone,IT,1966-11-09,tier2,False,low,2024-07-16T04:37:52.896828,cynthiapierce@example.org
CUST-0183,Lisa Davis,GB,1987-07-24,tier3,False,low,2025-07-25T09:05:17.493178,georgeweber@example.net
CUST-0184,Thomas Williams,DE,2000-06-25,tier3,False,high,2024-07-17T22:00:02.723410,debra96@example.net
CUST-0185,Kathleen Burton,FR,1967-03-08,tier1,False,low,2026-04-17T12:33:43.140528,zsanchez@example.net
CUST-0186,Jesse Barker,BE,1959-07-20,tier2,False,low,2025-03-18T20:29:45.723403,mharris@example.org
CUST-0187,Nathan Gross,TR,2000-04-22,tier2,False,low,2026-05-01T04:22:19.387028,kathleenrobertson@example.org
CUST-0188,John Adams,IT,1964-10-05,tier1,False,medium,2024-07-29T06:55:18.996374,sonia96@example.org
CUST-0189,Stephanie Li,IE,2004-07-16,tier1,False,high,2025-10-27T17:09:37.404619,kathrynjimenez@example.net
CUST-0190,Shawn Jimenez,FR,1955-08-09,tier3,False,low,2025-03-02T12:41:07.451546,nlevy@example.net
CUST-0191,Anthony Simpson,FR,2001-07-23,tier2,False,low,2025-09-08T22:27:38.451765,amitchell@example.org
CUST-0192,Stephen Luna,GB,1994-09-08,tier2,False,low,2025-02-10T14:38:43.864614,jwilliams@example.org
CUST-0193,Dylan Hughes,CH,1976-07-02,tier2,False,medium,2025-06-24T18:37:26.370725,andersoncolin@example.com
CUST-0194,Gina Mcmillan,IT,1994-03-03,tier3,False,low,2024-10-11T20:59:59.432774,cporter@example.org
CUST-0195,Gary Wells,BE,1976-11-20,tier2,False,low,2025-08-04T22:06:29.596302,markaustin@example.org
CUST-0196,Luis Kirby,TR,1984-10-26,tier1,False,low,2025-05-24T17:49:02.161988,terickson@example.com
CUST-0197,Isabella Nunez,US,2007-03-21,tier3,False,low,2025-07-19T11:10:00.920858,carlsonjoseph@example.net
CUST-0198,Paula Lane,CH,1992-03-22,tier2,False,medium,2025-07-19T08:02:07.596158,alexandriagriffith@example.com
CUST-0199,Michael Johnson,ES,2005-05-18,tier2,False,low,2024-08-07T19:59:16.935576,alexanderrobert@example.com
CUST-0200,Jennifer Hampton,FR,2003-10-10,tier2,False,low,2026-02-15T08:51:48.582492,thorntonapril@example.net
CUST-0201,Matthew Fox,AT,1968-07-30,tier3,False,medium,2024-09-22T23:59:05.097590,amy49@example.com
CUST-0202,David Grant,DE,1963-06-04,tier2,False,low,2026-04-29T09:14:32.174716,kellie37@example.com
CUST-0203,Justin Michael,ES,1992-03-28,tier2,False,low,2024-12-15T14:28:05.690345,zhuang@example.com
CUST-0204,Regina Roberts,FR,1967-01-24,tier2,False,low,2025-10-22T14:49:58.345334,sandra47@example.org
CUST-0205,Joshua Fitzpatrick,AT,1990-10-05,tier1,False,low,2024-08-27T19:17:56.405890,johnsantiago@example.net
CUST-0206,David Garcia,GB,1969-07-16,tier1,False,low,2025-04-29T06:36:39.061769,adampierce@example.org
CUST-0207,Timothy Johns,ES,1978-01-27,tier2,False,low,2024-10-12T03:58:10.076205,manuel01@example.net
CUST-0208,Kimberly Sharp,US,2004-09-16,tier2,False,low,2026-03-16T20:22:39.672334,robertmonroe@example.org
CUST-0209,Jennifer Simpson DVM,CH,2006-03-09,tier2,False,high,2026-03-26T04:38:54.714177,smithashley@example.org
CUST-0210,Frances Gibson,IT,1987-07-31,tier2,False,low,2025-06-06T03:30:26.046013,melissamcdonald@example.org
CUST-0211,Erin Simon,AT,1987-12-25,tier2,False,medium,2025-10-25T20:51:42.817473,doylekrystal@example.net
CUST-0212,Cheryl Carr,BE,1987-06-06,tier3,False,low,2025-03-11T11:07:15.045697,frobertson@example.com
CUST-0213,Cathy Taylor,BE,1969-02-24,tier2,True,high,2024-11-16T14:40:45.401679,patrick74@example.com
CUST-0214,Nathan Smith,FR,1988-04-18,tier3,False,low,2025-10-07T00:38:59.827913,contrerassteven@example.org
CUST-0215,Jonathan Jacobson,BE,1991-03-10,tier3,False,low,2025-01-01T12:26:33.543252,fowlershelia@example.com
CUST-0216,Colleen Anderson,AT,1959-04-08,tier2,False,low,2025-11-16T02:58:21.418015,robert87@example.net
CUST-0217,Samantha Gill,TR,1989-11-04,tier2,False,low,2025-07-28T07:13:25.217678,foxallison@example.com
CUST-0218,Justin Brown,CH,1982-02-22,tier2,False,low,2025-05-23T09:48:53.079416,franklinbond@example.com
CUST-0219,Daniel Aguilar,CH,1955-08-28,tier3,False,low,2025-05-26T23:23:48.185653,chavezwilliam@example.com
CUST-0220,Kristin Chambers,GB,1968-04-03,tier3,False,low,2024-06-04T13:08:12.217109,lisa39@example.org
CUST-0221,Gregory Brown,CH,2008-01-16,tier2,False,low,2026-04-01T10:13:01.355283,andersenthomas@example.com
CUST-0222,Randy Cannon,GB,2007-02-15,tier2,False,low,2025-09-02T19:45:40.825629,ybrooks@example.com
CUST-0223,Susan Bennett,TR,1989-12-24,tier1,False,medium,2025-09-14T10:20:09.949497,desireebailey@example.org
CUST-0224,Jenna Anderson DVM,US,1998-10-20,tier2,False,high,2025-11-22T06:48:58.425232,steven86@example.net
CUST-0225,David Murray,TR,1959-05-19,tier2,False,low,2024-10-04T03:48:54.970691,johnsondonna@example.net
CUST-0226,Stacey Smith,DE,1962-05-02,tier3,False,medium,2024-08-01T06:26:28.400645,griffinemily@example.org
CUST-0227,Andrew Gonzales,TR,1981-09-08,tier1,False,medium,2025-11-20T23:24:46.380986,taylorvictoria@example.org
CUST-0228,Monique Flores,GB,1985-01-22,tier2,False,low,2025-09-22T06:21:20.574161,joel28@example.org
CUST-0229,Donald Hawkins,GB,1984-09-12,tier2,False,low,2025-11-06T23:43:50.549646,conniesimmons@example.com
CUST-0230,Gregory Schneider,AT,1972-06-27,tier2,False,low,2025-06-06T06:02:15.037201,trussell@example.com
CUST-0231,Joshua Allen,BE,1963-06-14,tier2,False,medium,2026-02-04T05:24:37.386511,lindamelendez@example.net
CUST-0232,Jason Moreno,CH,1972-11-28,tier2,False,medium,2024-11-21T16:19:52.915393,deborah75@example.org
CUST-0233,Sandra Williams,BE,1972-04-04,tier2,False,medium,2025-08-03T23:30:16.854971,russojacob@example.net
CUST-0234,Kristin Mendoza,US,2000-10-23,tier2,False,low,2025-01-17T13:22:09.591408,lewisjames@example.net
CUST-0235,Zachary Mendoza,IT,1964-06-14,tier2,True,high,2025-08-03T13:33:43.005294,randyallen@example.com
CUST-0236,Jamie Ferguson,NL,1971-03-21,tier3,False,low,2024-11-26T11:17:07.521654,zowens@example.net
CUST-0237,Ryan Rocha,US,1971-11-19,tier2,False,medium,2025-03-17T14:52:50.664031,joycesmith@example.net
CUST-0238,Lauren Butler,NL,1959-03-22,tier2,False,low,2025-01-15T07:06:47.129627,phudson@example.com
CUST-0239,Terri Morgan,DE,1994-08-28,tier2,False,low,2025-05-11T02:32:01.284064,umurray@example.com
CUST-0240,Nathan Freeman,IE,2003-07-25,tier2,False,high,2025-06-19T03:27:42.616083,warrenmary@example.org
CUST-0241,Mary Duran,IT,1974-04-20,tier3,False,high,2026-01-24T06:51:30.530571,carloshernandez@example.org
CUST-0242,Jacqueline Williamson,AT,1989-01-20,tier2,False,low,2025-08-12T09:42:54.160457,bhopkins@example.org
CUST-0243,Jennifer Smith,ES,1992-04-08,tier2,False,low,2025-06-14T11:26:07.986130,andre62@example.org
CUST-0244,Kelly Allen,US,1986-05-01,tier2,False,medium,2024-11-19T19:12:23.833236,joseph61@example.com
CUST-0245,Judy Sanchez,NL,1990-10-27,tier1,False,medium,2024-12-24T11:48:07.254879,valdezmichele@example.org
CUST-0246,James Tran,DE,1953-08-20,tier2,False,low,2024-05-26T13:26:20.712284,christopherbruce@example.net
CUST-0247,Kylie Hodge,TR,1955-11-30,tier2,False,low,2025-06-08T22:44:51.020898,hallrachel@example.net
CUST-0248,Karen Williams,NL,1954-09-11,tier2,False,medium,2026-03-25T20:41:04.467077,whitemelissa@example.org
CUST-0249,Laurie Goodwin,TR,1991-09-20,tier2,False,low,2025-03-06T05:09:55.954757,evansanne@example.net
CUST-0250,Jasmine Mosley,NL,1969-08-15,tier2,False,low,2025-11-21T20:50:03.518825,krystalnorris@example.org
CUST-0251,Valerie Brown,ES,1975-09-25,tier2,False,low,2026-01-21T11:06:12.029961,cassie99@example.com
CUST-0252,Erin Walters,TR,1995-10-30,tier2,False,low,2025-04-13T08:00:23.564733,michaelpugh@example.com
CUST-0253,Kevin James,NL,1995-03-03,tier1,False,low,2024-12-21T03:21:07.797721,jennifermiller@example.org
CUST-0254,Richard Moore,CH,1972-12-24,tier3,False,low,2025-02-06T18:57:23.247761,smithkyle@example.com
CUST-0255,Ashley Miller,US,1975-05-19,tier2,False,low,2025-06-29T23:24:59.728730,fgarcia@example.com
CUST-0256,Linda Mueller,ES,2000-06-23,tier2,False,low,2024-05-28T16:02:36.822815,fhughes@example.net
CUST-0257,Susan Spence,FR,1983-07-22,tier2,False,low,2024-09-20T08:57:59.122619,rjackson@example.com
CUST-0258,Charles Jackson,CH,1966-05-22,tier2,False,low,2024-12-24T07:54:30.890077,wardsheryl@example.net
CUST-0259,Linda Gonzalez,NL,1956-08-02,tier2,False,low,2024-12-27T21:47:45.433590,ncook@example.com
CUST-0260,Erin Cook,TR,1997-09-05,tier1,False,medium,2026-02-05T15:51:06.040574,kevinmorrison@example.net
CUST-0261,Ernest Oconnell,US,2006-07-27,tier1,False,low,2024-12-18T06:31:27.633903,yfaulkner@example.org
CUST-0262,Douglas Hartman,DE,1971-07-21,tier2,False,low,2026-03-30T14:10:27.535027,brittanygardner@example.net
CUST-0263,Alyssa Acosta,IE,2005-01-27,tier2,False,high,2024-10-19T14:24:48.572147,marie16@example.net
CUST-0264,Mr. David Hopkins DDS,US,1996-02-24,tier1,False,low,2024-07-12T14:56:09.925835,iaguilar@example.net
CUST-0265,Sheila Barnes,NL,1952-07-06,tier2,False,low,2026-04-26T02:45:47.850499,rodriguezjohn@example.net
CUST-0266,Matthew Williams,GB,2007-06-07,tier1,False,low,2025-09-25T20:50:33.958609,vrasmussen@example.com
CUST-0267,Brett Walker,BE,1993-09-13,tier2,False,low,2025-06-30T17:04:15.227377,seanmyers@example.net
CUST-0268,Kathryn Cooper,TR,1951-10-22,tier2,False,low,2024-08-03T22:23:23.914602,fknapp@example.org
CUST-0269,Monica Bailey,DE,1970-04-12,tier2,False,medium,2025-12-12T18:36:45.601681,gbailey@example.com
CUST-0270,Jodi Jones,TR,1952-12-21,tier2,False,low,2025-10-20T03:58:02.563391,sweeneydeborah@example.net
CUST-0271,Tara Yang,CH,1980-04-23,tier2,False,low,2025-06-26T06:34:13.574342,anita73@example.com
CUST-0272,Charlotte Sandoval,TR,1973-04-29,tier2,False,low,2025-11-08T13:49:53.859347,shannonjordan@example.org
CUST-0273,Christine Goodwin,TR,1997-04-15,tier2,False,medium,2024-07-04T07:19:34.068437,lloydamanda@example.com
CUST-0274,Jim Baker,IE,2000-05-31,tier2,False,low,2025-06-08T14:58:16.537562,candice96@example.net
CUST-0275,Harold Ellis,NL,1960-05-21,tier2,False,medium,2025-09-23T00:51:37.723509,samantha91@example.net
CUST-0276,Bruce Torres,TR,1960-12-30,tier3,False,low,2025-10-07T12:20:38.842193,ibarnes@example.net
CUST-0277,Cody Reid,TR,1990-08-08,tier3,False,medium,2025-09-02T08:53:38.471331,angelaburns@example.org
CUST-0278,Ryan Harvey,CH,2000-08-01,tier2,False,low,2026-04-14T00:22:55.146025,ytaylor@example.net
CUST-0279,Kathleen Cohen,IT,1974-06-28,tier1,False,low,2026-01-22T08:24:45.083244,kjackson@example.org
CUST-0280,Connie Johnson,US,1963-06-04,tier3,False,low,2024-12-16T05:53:28.421533,xcunningham@example.com
CUST-0281,Ashley Wilson,IE,1995-05-04,tier2,False,medium,2026-01-10T05:37:48.816025,amber07@example.net
CUST-0282,Jeffery Fitzgerald,CH,1988-04-18,tier2,False,low,2024-11-16T05:39:17.542728,colemichael@example.org
CUST-0283,Xavier Rowe,US,1964-02-15,tier1,False,high,2026-01-01T01:23:02.504833,michelle96@example.org
CUST-0284,Rachel Li,DE,1997-02-05,tier2,False,low,2025-07-09T12:34:40.775378,candice25@example.net
CUST-0285,Kenneth Farley,IT,1980-03-20,tier3,False,medium,2026-03-07T07:28:36.183999,taylorkaren@example.com
CUST-0286,Wendy Camacho,CH,1957-09-28,tier2,False,low,2026-02-10T10:52:54.569581,dustinmorris@example.org
CUST-0287,Megan Burns,TR,1983-11-15,tier2,False,low,2024-12-01T16:33:39.292253,ebrooks@example.net
CUST-0288,Patricia Powell,GB,1993-11-14,tier3,False,low,2025-10-08T10:31:38.807120,shawn75@example.net
CUST-0289,Raymond Oconnor,TR,1992-10-10,tier2,False,low,2025-04-19T02:17:58.309099,melissa86@example.org
CUST-0290,Samantha Simpson,GB,1969-02-08,tier2,False,low,2024-12-12T13:00:05.219990,ashleewashington@example.com
CUST-0291,Pamela Williams,IE,1986-09-13,tier3,False,low,2026-01-20T00:34:12.469727,martinezmia@example.com
CUST-0292,William Patterson,NL,2008-02-18,tier2,False,low,2026-03-14T01:27:17.973831,erik41@example.net
CUST-0293,Bradley Beck,BE,1988-01-08,tier3,False,high,2024-06-26T10:39:24.313175,jessica36@example.net
CUST-0294,Brandon Lewis,US,1954-11-26,tier2,False,low,2025-07-26T17:50:44.392326,ssmith@example.com
CUST-0295,Virginia Henderson,TR,1958-01-18,tier3,False,medium,2024-07-10T08:01:04.704116,zdavis@example.org
CUST-0296,Jacob Evans,NL,1972-07-30,tier3,False,medium,2026-01-03T00:02:42.692379,darlenebyrd@example.org
CUST-0297,Alejandra Santos,US,1975-11-28,tier3,False,low,2025-10-28T15:58:59.340770,samanthajensen@example.com
CUST-0298,Angelica Garcia,IE,1994-01-09,tier2,False,low,2025-07-23T17:58:01.764077,bbell@example.com
CUST-0299,Danielle Newman,CH,1964-10-10,tier2,False,low,2025-08-01T01:59:35.137691,kimberly04@example.org
CUST-0300,Katrina Adkins,TR,1967-07-11,tier2,False,low,2024-06-28T11:21:36.549476,troyrodriguez@example.com
CUST-0301,Andrea Oneal,TR,1951-01-30,tier2,False,low,2025-02-07T01:55:26.694248,david96@example.com
CUST-0302,Carrie Ruiz,US,2007-08-26,tier3,False,low,2024-07-11T21:53:45.997050,smithjason@example.org
CUST-0303,Jennifer Mitchell,AT,1991-09-19,tier3,False,low,2025-11-30T06:11:01.243879,fmiles@example.net
CUST-0304,Lisa Ramirez,TR,1968-05-10,tier2,False,low,2025-05-27T15:40:02.033398,terrimoore@example.com
CUST-0305,Mark Davenport,IE,1989-11-19,tier1,False,medium,2024-07-06T21:30:04.135680,pblair@example.org
CUST-0306,Tim Wilson,BE,1985-11-23,tier3,False,medium,2024-06-28T19:24:16.775038,davidzimmerman@example.net
CUST-0307,Jon Reed,US,1980-05-19,tier2,False,low,2026-01-09T16:02:43.887372,gary24@example.net
CUST-0308,Patricia Johnson,CH,1997-03-12,tier2,False,low,2024-12-04T01:41:44.545014,bakertheresa@example.net
CUST-0309,Jesse Ward,CH,1979-05-12,tier2,False,high,2025-07-07T04:45:36.820286,eric19@example.net
CUST-0310,Crystal Hicks,GB,1952-12-07,tier1,False,low,2026-02-08T03:43:40.379079,brandoncox@example.org
CUST-0311,Tyler Johnson,AT,1996-12-18,tier2,False,low,2025-10-22T12:43:24.474371,pwalker@example.com
CUST-0312,Erica Mckenzie,TR,1983-07-13,tier2,False,low,2024-08-14T18:24:14.991481,whitelinda@example.org
CUST-0313,Andrea Marshall,GB,1966-10-03,tier3,False,medium,2026-01-25T23:09:25.453027,christopher70@example.com
CUST-0314,Justin Torres,TR,1986-07-02,tier2,False,low,2025-04-23T02:11:44.929939,xcuevas@example.org
CUST-0315,Kimberly Flynn,NL,1959-02-11,tier2,False,low,2026-03-30T19:57:30.415885,hallmichael@example.net
CUST-0316,Tiffany Smith,CH,1988-07-03,tier2,False,low,2026-01-28T23:58:45.520173,dalton83@example.com
CUST-0317,Anthony Shea DDS,US,1955-10-11,tier3,False,high,2026-03-22T17:13:12.127880,xhaynes@example.com
CUST-0318,Angela Davis,IE,1958-02-15,tier2,False,medium,2026-01-07T19:30:24.224745,vargasbryan@example.net
CUST-0319,Cynthia Green,FR,1968-08-26,tier2,False,medium,2025-12-24T20:18:23.498973,louis43@example.org
CUST-0320,Brandy Carrillo,NL,1956-09-13,tier2,False,medium,2024-08-04T17:47:42.623080,aowens@example.org
CUST-0321,Traci Clark,ES,1968-04-06,tier2,False,medium,2024-11-28T23:37:17.690224,davislindsey@example.com
CUST-0322,Melissa Williams,ES,1998-11-13,tier2,False,low,2025-01-13T18:50:38.539675,dawsontanya@example.com
CUST-0323,Megan Green,US,2007-11-04,tier2,False,low,2024-06-11T08:09:37.336033,jbond@example.net
CUST-0324,Anna Garcia,CH,1996-06-03,tier1,False,low,2024-08-16T06:20:07.079288,greertoni@example.org
CUST-0325,James Parks,IE,2004-10-05,tier1,False,high,2024-07-19T23:18:42.841663,samantha10@example.org
CUST-0326,Matthew Lamb,FR,1955-09-19,tier2,False,medium,2026-01-27T17:40:53.823714,david70@example.org
CUST-0327,Jessica Ramsey,TR,1979-02-27,tier2,False,medium,2025-02-22T20:37:59.881098,nthompson@example.org
CUST-0328,Jeremy Hernandez,TR,1985-12-31,tier2,False,low,2025-08-12T17:43:48.168693,victor87@example.org
CUST-0329,James Barnes,ES,1987-08-28,tier1,False,low,2025-12-22T04:56:56.081312,crystalpham@example.org
CUST-0330,Rachael Howard DDS,ES,1978-06-29,tier2,False,low,2026-03-16T10:42:04.037890,paul20@example.com
CUST-0331,Alyssa Cochran,TR,1966-09-04,tier2,False,medium,2025-12-30T13:30:50.543029,xmoreno@example.net
CUST-0332,Dr. Ariel Sandoval MD,CH,1997-09-23,tier1,False,medium,2026-03-19T18:55:43.450650,gallagherstacie@example.net
CUST-0333,Rebecca Kelly,IT,1999-01-21,tier3,False,medium,2026-01-26T05:42:42.669345,joelstewart@example.net
CUST-0334,Suzanne Johnson,FR,1991-01-06,tier1,False,high,2026-04-10T21:23:36.619487,annalopez@example.com
CUST-0335,Casey Johnson,DE,1953-08-21,tier2,False,medium,2025-08-01T13:36:47.760995,foxaaron@example.net
CUST-0336,Carlos Love,GB,2003-09-03,tier2,False,low,2026-01-25T13:18:37.904360,brian29@example.net
CUST-0337,Patricia Mathis,TR,2000-04-20,tier2,False,low,2026-04-20T08:59:29.513860,janet69@example.org
CUST-0338,Frank Daugherty,ES,1992-11-09,tier2,False,medium,2025-04-03T08:28:19.025426,lbanks@example.net
CUST-0339,Melissa Mcfarland,NL,1996-01-11,tier2,False,high,2024-10-29T12:19:11.958637,nicholasgross@example.com
CUST-0340,Nicholas Rush,IE,2005-05-29,tier3,False,medium,2025-03-01T07:57:35.352328,whitelucas@example.net
CUST-0341,Keith Zuniga,GB,1958-07-16,tier1,False,low,2025-11-14T09:06:11.605003,michaelflores@example.net
CUST-0342,Ann Fletcher,TR,1987-06-14,tier1,False,low,2026-02-25T11:05:38.942687,nsmith@example.org
CUST-0343,Hayley Buchanan,NL,1992-03-01,tier3,False,low,2024-06-23T18:55:57.285172,koconnor@example.com
CUST-0344,James Payne Jr.,IE,1978-03-11,tier2,False,medium,2026-02-08T23:22:30.970625,franciscojones@example.org
CUST-0345,Fernando Lynn,IE,1954-09-07,tier2,False,low,2024-09-20T18:06:36.886585,emartin@example.net
CUST-0346,Vanessa Morgan,TR,2007-07-13,tier1,False,low,2026-03-02T06:09:54.295670,reynoldsdesiree@example.net
CUST-0347,Brooke Garcia,FR,1962-04-21,tier1,False,medium,2024-10-05T06:08:35.481890,donna43@example.org
CUST-0348,Kenneth Larsen,ES,1959-04-16,tier2,False,medium,2025-02-06T21:12:34.397874,qmiller@example.net
CUST-0349,Christina Johnson,AT,1960-04-16,tier3,False,low,2024-12-18T12:53:06.280914,wellsdarrell@example.com
CUST-0350,Steven Baker,FR,1987-08-11,tier2,False,low,2025-02-26T08:37:43.506403,nicole52@example.com
CUST-0351,Jeremiah Baker,NL,1998-12-07,tier2,False,low,2025-07-05T06:32:54.322243,karencontreras@example.org
CUST-0352,Rhonda Gutierrez,DE,1994-04-04,tier2,False,medium,2024-11-01T15:10:27.018749,randallloretta@example.com
CUST-0353,Melissa Mayer,IT,1983-08-07,tier2,False,low,2024-11-07T13:29:50.528144,christian08@example.net
CUST-0354,Rebecca Byrd,FR,1986-05-11,tier2,False,low,2024-08-15T09:49:38.380506,kthompson@example.org
CUST-0355,Beth Henderson,IT,2007-09-14,tier1,False,low,2025-04-02T06:38:45.434491,maryscott@example.net
CUST-0356,Andrea Hughes,DE,1973-06-05,tier1,False,low,2025-01-12T13:39:41.643168,april09@example.net
CUST-0357,Jennifer Perry,DE,1958-12-23,tier3,False,low,2025-07-22T13:15:30.949584,buckleyanna@example.org
CUST-0358,Sharon Beard,GB,2001-04-20,tier2,False,low,2024-11-28T08:22:02.407585,earmstrong@example.org
CUST-0359,Jamie Montgomery,TR,1989-11-14,tier2,False,low,2025-03-08T17:06:32.952374,vpreston@example.net
CUST-0360,Patrick Mccall,NL,2002-05-30,tier2,False,low,2024-06-03T10:13:03.726136,larry71@example.org
CUST-0361,William Ramos,CH,1998-04-13,tier2,False,low,2024-12-02T04:51:56.541278,fjacobs@example.org
CUST-0362,Thomas Russell,NL,1978-06-25,tier2,False,medium,2025-05-31T10:38:56.076566,lori82@example.org
CUST-0363,Jonathon Taylor,IE,1999-10-04,tier2,False,high,2026-02-20T02:55:22.547584,thompsonnancy@example.org
CUST-0364,Danielle Bryant,TR,2003-08-18,tier2,False,low,2025-10-15T16:22:58.399027,micheal78@example.com
CUST-0365,Becky Johnson,FR,1971-12-26,tier3,False,low,2025-07-27T00:13:12.335648,susanwells@example.net
CUST-0366,Christopher Kline,DE,1993-10-27,tier1,False,medium,2025-10-04T04:03:16.431560,anthony02@example.net
CUST-0367,Cindy Walker,IE,1963-06-09,tier3,False,low,2024-10-17T11:20:12.749097,xpalmer@example.net
CUST-0368,Thomas Holland,IT,1985-04-01,tier1,False,high,2024-05-25T20:10:07.938257,charlene44@example.com
CUST-0369,Sarah Stevens,GB,1963-01-14,tier2,False,low,2024-12-26T01:48:04.422195,asilva@example.net
CUST-0370,Dr. Sara Hoffman DDS,IE,1966-10-11,tier2,False,low,2025-09-30T22:21:59.991416,rbrown@example.net
CUST-0371,Donald Douglas,FR,2005-08-11,tier2,False,medium,2025-09-06T21:33:08.029136,edwardcannon@example.org
CUST-0372,Rebekah Greene,BE,1988-09-10,tier2,False,low,2025-09-28T06:20:05.694080,rioswhitney@example.com
CUST-0373,Jennifer Doyle,GB,1984-03-13,tier2,False,low,2026-05-15T07:39:38.968575,matthewreeves@example.net
CUST-0374,Rachel Knox,IT,1989-05-08,tier2,False,low,2025-05-24T17:48:53.931000,marywalter@example.org
CUST-0375,John Figueroa,CH,1992-06-11,tier2,False,medium,2025-07-01T11:14:52.439810,staceylam@example.net
CUST-0376,Henry Garner,TR,1968-03-11,tier1,False,medium,2025-12-15T13:29:56.703184,nathan94@example.com
CUST-0377,Julie Delacruz,US,1984-03-25,tier3,False,medium,2026-04-08T12:21:30.108244,kennedyjames@example.org
CUST-0378,Jane Evans,AT,1953-07-08,tier2,False,low,2026-02-01T19:36:35.514475,victoriacooper@example.net
CUST-0379,Victoria Thomas,IE,2000-05-26,tier2,False,low,2024-09-28T05:35:23.072184,freemancrystal@example.org
CUST-0380,Anthony Hayes,IE,1962-07-11,tier2,False,low,2025-12-04T22:47:48.429565,tracygallagher@example.org
CUST-0381,Jeffrey Jordan,US,1975-04-07,tier1,True,high,2025-05-02T22:05:05.564526,johnsonjames@example.com
CUST-0382,Stephanie Sherman,NL,1981-03-07,tier1,False,low,2024-06-01T17:39:24.940103,simsjohn@example.net
CUST-0383,Emily Garcia,BE,1979-07-30,tier2,False,low,2024-12-28T23:18:21.949532,colonkenneth@example.com
CUST-0384,Joseph Warren,IT,1975-07-15,tier3,False,low,2025-10-02T15:48:26.256640,matthewvalenzuela@example.com
CUST-0385,Carmen Meadows,DE,1997-06-24,tier2,False,low,2024-06-02T14:48:59.931544,jessicaanderson@example.net
CUST-0386,Jonathan Martinez,TR,1991-08-17,tier2,False,low,2025-12-18T12:10:19.234233,qmcdowell@example.net
CUST-0387,Linda Williams,FR,1956-08-26,tier3,False,low,2026-01-19T14:22:40.043771,norrisrobert@example.com
CUST-0388,David Miles,GB,1962-04-20,tier1,False,low,2025-10-01T21:35:50.152550,turnerdorothy@example.net
CUST-0389,Lisa Haynes,GB,1974-09-03,tier1,False,medium,2026-03-06T04:37:52.767955,campbellkristen@example.com
CUST-0390,Curtis Baker,NL,1980-09-21,tier2,True,high,2024-10-13T18:47:14.665477,cphillips@example.net
CUST-0391,Daniel Fitzpatrick MD,TR,1950-07-17,tier2,False,medium,2025-09-21T14:37:13.797470,conleyelizabeth@example.org
CUST-0392,Penny Jones,BE,1992-05-07,tier2,False,medium,2026-03-10T16:25:59.376747,stephenmadden@example.com
CUST-0393,Brett Thompson,TR,1952-09-01,tier2,False,low,2024-12-17T15:06:02.400596,ronald11@example.org
CUST-0394,Charles Holland,TR,1969-06-11,tier2,False,low,2026-03-03T04:57:00.546465,natalie15@example.com
CUST-0395,James Rivers,CH,1966-02-23,tier3,False,low,2025-02-25T00:54:41.944576,pmarsh@example.org
CUST-0396,Michael Brown,AT,2005-01-17,tier2,False,low,2024-09-12T22:36:29.193577,epruitt@example.net
CUST-0397,Catherine James,IT,1971-03-07,tier1,False,low,2024-06-09T16:29:26.575954,timothyfreeman@example.com
CUST-0398,Arthur Pena,AT,1951-02-05,tier1,False,low,2026-02-12T02:20:04.618351,tiffanysantiago@example.com
CUST-0399,Melissa Montgomery,ES,1975-06-27,tier1,False,low,2025-10-31T17:51:49.932792,rreed@example.net
CUST-0400,Ryan Grant,FR,2007-09-04,tier2,False,low,2024-06-28T11:18:26.473215,williamharrison@example.com
CUST-0401,Angela Vasquez,AT,1964-05-09,tier2,False,medium,2026-04-27T08:49:25.840115,hunterandrea@example.com
CUST-0402,David Stevens,IT,1996-11-08,tier1,False,low,2025-04-11T13:05:05.821830,hwest@example.com
CUST-0403,Alicia Powell,IE,1952-06-17,tier1,False,low,2025-06-24T05:20:52.953105,connersylvia@example.net
CUST-0404,Jordan Clark,BE,1989-04-30,tier2,False,low,2026-04-12T22:21:05.203661,marcia37@example.com
CUST-0405,Lisa Kennedy,FR,1988-07-01,tier1,False,low,2025-10-23T21:51:35.728118,davisdonna@example.org
CUST-0406,Ronald Brandt,BE,1967-04-26,tier2,False,medium,2025-06-04T10:39:15.636325,williamsfrank@example.org
CUST-0407,Natalie Ortiz,ES,1965-02-17,tier3,False,low,2024-10-09T14:05:20.416523,conradphilip@example.com
CUST-0408,Cheryl Morgan,BE,1994-04-19,tier2,False,low,2024-06-22T14:05:45.658075,bartonshannon@example.net
CUST-0409,Kathy Maynard,AT,1950-08-19,tier2,False,low,2025-11-07T17:16:12.393245,eroberson@example.net
CUST-0410,Susan Holt,US,1960-06-14,tier2,False,low,2026-01-04T08:53:35.997945,hughescaroline@example.com
CUST-0411,Janice Petty,IT,2003-07-04,tier2,False,low,2025-11-26T19:16:46.351187,raymond54@example.com
CUST-0412,Brenda Morrison,AT,2001-10-18,tier1,False,low,2025-05-28T08:59:54.057683,jennifer83@example.org
CUST-0413,Miguel Parks,AT,2003-10-24,tier1,False,high,2024-08-24T10:44:34.590278,williambenson@example.com
CUST-0414,Paige Hart,US,1984-03-08,tier3,False,low,2026-04-07T07:52:04.066788,icraig@example.com
CUST-0415,Jenny Smith,US,1956-07-22,tier3,False,low,2025-02-21T12:05:04.673838,santiagojames@example.org
CUST-0416,Miss Brianna Brown,NL,1995-11-16,tier1,False,high,2024-10-15T11:32:23.621632,howardshaun@example.net
CUST-0417,Nancy Hancock,BE,1993-06-11,tier2,False,low,2025-07-03T02:26:43.542226,williamrobles@example.net
CUST-0418,Matthew House,US,1972-11-10,tier2,False,low,2026-04-17T13:28:07.946477,tammy00@example.net
CUST-0419,Marc Norman,CH,2000-11-06,tier2,False,low,2026-01-15T02:56:32.675997,kari89@example.org
CUST-0420,Tracey Phillips,TR,1960-09-02,tier3,False,low,2025-09-29T15:39:12.597630,sydneymoss@example.org
CUST-0421,Jeffrey Hawkins,TR,1957-12-04,tier2,False,low,2025-07-19T16:08:15.304641,adam72@example.org
CUST-0422,Frank Williams,IE,2004-06-17,tier2,False,low,2025-08-11T17:46:16.352337,tracy98@example.com
CUST-0423,Michael Fox,DE,2005-11-20,tier2,False,low,2025-06-03T10:30:53.955308,robertherrera@example.org
CUST-0424,Stephen Alvarado,IT,1969-08-01,tier2,False,low,2024-12-19T19:44:56.146720,wbarajas@example.net
CUST-0425,Michael Griffin,AT,2002-11-04,tier1,False,low,2025-08-10T08:22:27.230930,susanfleming@example.com
CUST-0426,Robert Wilson,IT,1965-04-06,tier2,False,low,2025-10-29T19:00:26.794975,pruittlynn@example.com
CUST-0427,Katie Tucker,FR,1967-07-29,tier2,False,low,2025-09-06T22:37:58.518126,willie12@example.net
CUST-0428,Lori Clark,FR,1986-11-23,tier3,False,low,2024-10-22T04:09:28.384632,nhouston@example.net
CUST-0429,Sherry Figueroa,GB,1975-08-17,tier1,False,low,2026-01-05T11:19:59.105725,burgesseric@example.com
CUST-0430,Amanda Jones,CH,1960-09-14,tier2,False,low,2024-11-19T10:16:27.715859,andrewsjeremy@example.com
CUST-0431,Jerry Sullivan,TR,1968-09-25,tier2,False,low,2025-02-27T19:12:06.230946,nicholsdarlene@example.net
CUST-0432,Patrick Williams,AT,1999-08-01,tier2,False,low,2025-02-04T14:25:56.399283,robertsgina@example.net
CUST-0433,Preston Kim,CH,1973-04-19,tier1,False,low,2025-09-13T15:36:50.486676,omoore@example.org
CUST-0434,Rebecca Atkinson,IE,1967-06-29,tier3,False,high,2025-08-25T04:33:26.032598,erica50@example.net
CUST-0435,Brenda Williams,AT,1983-08-08,tier2,False,low,2025-03-03T03:22:59.734618,torreskaitlin@example.net
CUST-0436,Jason Brewer,IE,1980-02-10,tier1,False,low,2024-09-14T01:54:05.882925,christinaking@example.org
CUST-0437,Robert Phelps,ES,1999-10-06,tier2,False,medium,2026-03-30T19:28:26.637395,enewman@example.com
CUST-0438,Danielle Gonzalez,IE,1984-01-21,tier1,False,low,2026-04-13T19:05:38.188029,david31@example.com
CUST-0439,Stephanie Stewart,BE,1976-07-08,tier2,False,medium,2025-08-12T06:37:02.728617,heather29@example.net
CUST-0440,Eugene Patterson,AT,1950-08-30,tier3,False,medium,2024-11-15T05:54:22.181716,jenniferdavidson@example.com
CUST-0441,Brandy Quinn,IE,2001-04-20,tier3,False,low,2025-04-22T07:19:01.924001,kim78@example.org
CUST-0442,Lawrence Wilkinson,TR,2000-03-09,tier2,False,medium,2024-08-29T19:04:19.254296,josemercado@example.org
CUST-0443,Stephanie Atkinson,GB,1987-01-07,tier1,False,low,2026-01-02T11:20:35.044451,nhammond@example.org
CUST-0444,Kimberly Lutz,DE,1977-10-06,tier2,False,low,2025-12-06T03:46:16.186408,philip94@example.org
CUST-0445,Jordan Sanders,ES,1979-07-05,tier2,False,medium,2025-09-15T01:50:48.862922,katherinetaylor@example.org
CUST-0446,Travis Hopkins,FR,2006-07-06,tier2,False,low,2025-11-07T12:07:14.777659,ccrosby@example.org
CUST-0447,Crystal Baker,CH,1963-12-15,tier3,False,low,2025-09-19T09:15:56.749954,paul70@example.org
CUST-0448,Mrs. Michele Boyd,CH,1998-07-03,tier1,False,low,2026-01-18T16:31:58.433687,beth92@example.com
CUST-0449,Holly Valdez,FR,1998-11-03,tier3,False,low,2025-05-31T13:28:33.643861,okaufman@example.net
CUST-0450,Robert Reed,BE,1996-05-10,tier2,False,low,2026-02-25T20:10:13.960433,shawdon@example.org
CUST-0451,Jose Campbell,FR,1959-02-04,tier2,False,low,2024-09-11T10:55:37.197758,guerrerorobert@example.com
CUST-0452,Karen Mendoza,TR,1962-08-08,tier2,False,low,2024-09-14T07:00:43.630092,cjohnson@example.org
CUST-0453,Candace Soto,ES,1952-08-27,tier2,False,low,2025-07-11T03:00:22.325988,jacksonsandra@example.net
CUST-0454,Linda Elliott,CH,1951-06-18,tier1,False,low,2025-10-26T13:28:43.453250,stacey37@example.net
CUST-0455,Sharon Jackson DVM,TR,1985-03-25,tier1,False,low,2025-12-20T07:44:48.272663,cindydixon@example.org
CUST-0456,Grace Chavez,NL,1984-08-20,tier2,False,medium,2024-11-03T07:27:34.111110,banderson@example.org
CUST-0457,Susan Cohen,TR,1998-04-27,tier1,False,low,2025-08-04T08:59:10.519531,thomasmendez@example.org
CUST-0458,Kim Goodwin,TR,1955-10-15,tier2,False,medium,2025-09-12T16:19:09.580059,princekimberly@example.net
CUST-0459,Jason Golden,TR,1990-11-05,tier2,False,low,2025-03-28T13:57:01.366050,yclarke@example.com
CUST-0460,Natalie Juarez,AF,1990-10-16,tier2,False,high,2024-07-29T22:46:14.617990,jonathancannon@example.org
CUST-0461,Shawn Ortiz,NL,1961-05-06,tier2,False,low,2025-10-18T23:25:38.821306,lanedavid@example.org
CUST-0462,Daniel Brock,TR,1974-02-04,tier2,False,low,2024-08-05T09:59:52.057152,qpearson@example.com
CUST-0463,Jessica Diaz,CH,1966-05-13,tier1,False,low,2025-09-28T03:42:28.776645,robertbowers@example.com
CUST-0464,Justin Webb,IE,2007-09-19,tier2,True,high,2025-07-15T01:13:44.816704,qfitzgerald@example.org
CUST-0465,Jillian Lyons,GB,1959-10-07,tier3,False,low,2024-10-23T02:37:12.727707,zhartman@example.net
CUST-0466,Melinda Williams,GB,1972-12-13,tier2,False,low,2025-08-26T12:36:45.408815,morrowthomas@example.net
CUST-0467,Austin Walker,CH,1955-01-09,tier2,False,low,2024-06-16T04:59:32.424478,zarias@example.net
CUST-0468,Donna Stuart,DE,1953-09-18,tier2,False,low,2025-12-04T23:57:19.618660,daniellegonzales@example.org
CUST-0469,Tara Holmes,AT,1961-09-04,tier1,False,medium,2025-12-12T13:10:32.407388,christinacraig@example.com
CUST-0470,Aaron Moore,FR,2008-03-13,tier2,False,low,2025-12-09T10:07:42.679694,elizabeth69@example.org
CUST-0471,Nancy Jones,TR,1955-08-12,tier2,False,low,2024-12-13T04:46:14.399095,michael43@example.net
CUST-0472,Jordan Powell,US,1950-08-26,tier2,False,high,2024-09-24T08:24:54.111028,hansenwesley@example.com
CUST-0473,Regina Frye,TR,2001-03-13,tier2,False,low,2026-01-02T20:11:00.550250,heather69@example.com
CUST-0474,Nina Ali,US,1976-12-29,tier2,False,medium,2025-04-20T18:03:44.436056,olsonjonathan@example.com
CUST-0475,Wendy Rhodes,CH,1963-09-20,tier2,False,low,2025-01-04T23:39:05.185171,zachary04@example.org
CUST-0476,James Goodman,IT,1970-03-21,tier1,False,low,2025-06-28T04:48:41.572915,thomasgomez@example.net
CUST-0477,Travis Vega,CH,2003-02-27,tier1,False,low,2025-05-18T16:13:51.353054,jimmyallen@example.com
CUST-0478,Dale Wright,DE,1986-04-05,tier3,False,low,2024-09-10T11:05:07.926028,wilsonchristian@example.net
CUST-0479,Aaron Vincent DVM,TR,1999-07-27,tier2,False,low,2025-02-14T10:43:14.761777,travis94@example.com
CUST-0480,Phillip Dixon,TR,1973-06-17,tier2,True,high,2025-11-17T21:35:43.890746,brianlloyd@example.com
CUST-0481,Amanda Reed,ES,2000-04-14,tier1,False,medium,2025-12-06T16:08:38.994969,sbray@example.net
CUST-0482,Michael Smith,DE,1962-08-09,tier2,False,low,2025-07-17T12:00:10.850209,michael42@example.net
CUST-0483,Derrick Mullen,CH,1970-04-13,tier2,False,low,2024-09-30T19:51:44.385360,sclark@example.com
CUST-0484,James Hayes,BE,1983-07-11,tier2,False,medium,2026-05-04T00:37:19.328299,lisale@example.org
CUST-0485,Selena Gonzalez,TR,1996-10-13,tier1,False,medium,2025-11-09T10:01:44.690428,lshaffer@example.com
CUST-0486,Dr. Samuel Holmes DDS,TR,1995-12-07,tier3,True,high,2024-12-24T12:50:40.001046,rosshannah@example.org
CUST-0487,David Combs,DE,1955-12-20,tier3,False,medium,2025-11-13T19:58:14.516791,michael88@example.com
CUST-0488,Jason Bell,AT,1989-10-19,tier2,False,medium,2025-08-04T10:07:28.195068,tiffanymitchell@example.com
CUST-0489,Katherine Doyle,TR,2001-12-24,tier1,False,low,2025-02-21T15:35:53.254078,steven22@example.net
CUST-0490,Gail Welch,TR,1983-07-16,tier3,False,medium,2026-01-28T22:08:14.073843,millermatthew@example.com
CUST-0491,Eddie Adams,FR,1987-10-09,tier1,False,low,2024-12-03T12:52:17.613735,xnorman@example.net
CUST-0492,Tracie Gutierrez,GB,1961-01-17,tier2,False,high,2024-06-05T12:25:58.208711,ebonyshepard@example.net
CUST-0493,Christine Sanders,US,1955-12-04,tier2,False,low,2026-04-03T00:55:25.565352,bkelley@example.com
CUST-0494,Whitney Garcia,BE,1986-03-26,tier2,False,low,2024-07-20T04:04:16.273686,pparker@example.net
CUST-0495,Mark Anderson,AT,1999-01-06,tier2,False,low,2024-06-09T12:12:08.942299,michelle57@example.com
CUST-0496,Kimberly Nelson,IE,1976-03-08,tier3,False,low,2026-04-26T22:16:14.115122,brittanybryant@example.net
CUST-0497,Kristy Mills,TR,1987-06-23,tier3,False,low,2024-12-31T13:23:30.822656,timothy31@example.com
CUST-0498,Jason Moore,FR,1950-12-29,tier2,False,low,2025-06-05T09:57:34.364052,mauriceharrison@example.org
CUST-0499,Katherine Campos,DE,1967-10-05,tier3,False,low,2025-11-29T08:27:37.427584,carla08@example.com
